,index,0
0,AAL,130
1,AAOI,130
2,AAON,130
3,AAPL,130
4,AAWW,130
5,AAXJ,130
6,AAXN,130
7,ABCB,130
8,ABEO,130
9,ABMD,130
10,ABTX,78
11,ABUS,130
12,ACAD,130
13,ACAMW,26
14,ACBI,78
15,ACGL,130
16,ACHC,130
17,ACIA,130
18,ACIU,130
19,ACIW,130
20,ACLS,130
21,ACMR,130
22,ACOR,130
23,ACRS,130
24,ACRX,130
25,ACST,130
26,ACTG,104
27,ACWI,130
28,ACWX,130
29,ADAP,130
30,ADBE,130
31,ADES,130
32,ADI,130
33,ADMA,130
34,ADMP,130
35,ADMS,130
36,ADP,130
37,ADPT,130
38,ADRO,130
39,ADSK,130
40,ADTN,130
41,ADUS,104
42,ADVM,130
43,ADXS,130
44,AEGN,104
45,AEIS,130
46,AEMD,52
47,AERI,130
48,AFIN,130
49,AFINP,26
50,AFMD,130
51,AFYA,104
52,AGEN,130
53,AGIO,130
54,AGNC,130
55,AGNCM,104
56,AGNCO,130
57,AGNCP,130
58,AGRX,130
59,AGTC,104
60,AGYS,130
61,AHPI,130
62,AIKI,130
63,AIMC,130
64,AIMT,130
65,AINV,130
66,AIRG,26
67,AKAM,130
68,AKBA,130
69,AKCA,130
70,AKRO,104
71,AKRX,130
72,AKTS,130
73,AKTX,52
74,ALBO,78
75,ALDX,130
76,ALEC,130
77,ALGN,130
78,ALGRR,26
79,ALGT,130
80,ALKS,130
81,ALLK,130
82,ALLO,130
83,ALLT,104
84,ALNA,78
85,ALNY,130
86,ALRM,130
87,ALT,130
88,ALTR,130
89,ALXN,130
90,AMAG,130
91,AMAL,52
92,AMAT,130
93,AMBA,130
94,AMCX,130
95,AMD,130
96,AMED,130
97,AMGN,130
98,AMKR,130
99,AMPH,130
100,AMRN,130
101,AMRS,130
102,AMSC,130
103,AMSF,130
104,AMSWA,104
105,AMTD,130
106,AMZN,130
107,ANAB,130
108,ANDE,130
109,ANGI,130
110,ANGL,130
111,ANGO,130
112,ANIK,130
113,ANSS,130
114,AOBC,130
115,AOSL,104
116,APDN,104
117,APEI,130
118,APLS,130
119,APLT,104
120,APOG,130
121,APPF,130
122,APPN,130
123,APPS,130
124,APTO,130
125,APTX,104
126,AQST,130
127,ARAY,130
128,ARCB,130
129,ARCC,130
130,ARCE,104
131,ARCT,130
132,ARDX,130
133,ARLP,130
134,ARNA,130
135,ARQT,52
136,ARTNA,26
137,ARVN,130
138,ARWR,130
139,ASMB,130
140,ASML,130
141,ASNA,130
142,ASND,130
143,ASPS,78
144,ASPU,78
145,ASRT,130
146,ASTC,130
147,ASTE,130
148,ATEC,130
149,ATEX,104
150,ATHX,130
151,ATNX,130
152,ATRA,130
153,ATRC,130
154,ATRO,130
155,ATRS,130
156,ATSG,130
157,ATVI,130
158,AUB,130
159,AUDC,130
160,AUPH,130
161,AUTL,78
162,AVAV,130
163,AVCO,26
164,AVDL,130
165,AVEO,130
166,AVGO,130
167,AVID,130
168,AVRO,104
169,AVT,130
170,AVXL,130
171,AXAS,130
172,AXDX,130
173,AXGN,130
174,AXNX,130
175,AXSM,130
176,AXTI,104
177,AY,130
178,AYTU,130
179,AZPN,130
180,AZRX,26
181,BAND,130
182,BANR,130
183,BATRA,130
184,BATRK,130
185,BBBY,130
186,BBIO,130
187,BCEL,130
188,BCLI,130
189,BCOR,130
190,BCOV,130
191,BCPC,78
192,BCRX,130
193,BDSI,130
194,BDTX,52
195,BEAM,78
196,BEAT,130
197,BECN,130
198,BFYT,130
199,BGCP,130
200,BGFV,130
201,BGNE,130
202,BHF,130
203,BHFAL,26
204,BHFAP,26
205,BIB,130
206,BIDU,130
207,BIIB,130
208,BILI,130
209,BIMI,52
210,BIOC,130
211,BJRI,130
212,BKCC,130
213,BKNG,130
214,BKYI,130
215,BL,130
216,BLCM,52
217,BLDP,130
218,BLDR,130
219,BLFS,78
220,BLKB,130
221,BLMN,130
222,BLNK,130
223,BLPH,130
224,BLU,104
225,BLUE,130
226,BMCH,130
227,BMRA,130
228,BMRC,52
229,BMRN,130
230,BND,130
231,BNDX,130
232,BNFT,130
233,BNGO,130
234,BNTX,130
235,BOKF,130
236,BOMN,130
237,BOOM,130
238,BOTZ,130
239,BOXL,104
240,BPFH,130
241,BPMC,130
242,BPOP,130
243,BPY,130
244,BPYU,130
245,BREW,130
246,BRKL,104
247,BRKR,130
248,BRKS,130
249,BRP,130
250,BRY,130
251,BSCK,130
252,BSCL,130
253,BSCM,130
254,BSCN,104
255,BSCP,26
256,BSGM,130
257,BSJM,78
258,BTAI,130
259,BUSE,130
260,BVSN,78
261,BXRX,130
262,BYND,130
263,BZUN,130
264,CAC,52
265,CACC,130
266,CAKE,130
267,CALA,130
268,CALM,130
269,CAMP,130
270,CAMT,104
271,CAN,130
272,CAPR,130
273,CAR,130
274,CARA,130
275,CARG,130
276,CARO,130
277,CASA,130
278,CASH,130
279,CASI,78
280,CASY,130
281,CATM,130
282,CATS,130
283,CATY,130
284,CBAY,130
285,CBLI,26
286,CBMG,26
287,CBPO,130
288,CBRL,130
289,CBSH,130
290,CCD,104
291,CCMP,130
292,CCOI,130
293,CCRN,130
294,CCXI,130
295,CDEV,130
296,CDK,130
297,CDLX,130
298,CDMO,130
299,CDNA,130
300,CDNS,130
301,CDW,130
302,CDXC,130
303,CDXS,130
304,CDZI,104
305,CECE,26
306,CELH,130
307,CEMI,130
308,CENT,104
309,CENTA,130
310,CENX,130
311,CERC,104
312,CERN,130
313,CERS,130
314,CETV,130
315,CEVA,130
316,CFB,130
317,CFFN,130
318,CFMS,130
319,CFRX,52
320,CG,130
321,CGBD,130
322,CGEN,130
323,CGNX,130
324,CHDN,130
325,CHEF,130
326,CHFS,130
327,CHI,130
328,CHKP,130
329,CHMA,130
330,CHNG,130
331,CHRS,130
332,CHRW,130
333,CHSCL,52
334,CHSCO,26
335,CHTR,130
336,CHUY,130
337,CHW,130
338,CHY,130
339,CIBR,130
340,CIFS,26
341,CIGI,104
342,CINF,130
343,CJJD,104
344,CLAR,130
345,CLBK,130
346,CLMT,78
347,CLNE,130
348,CLOU,104
349,CLSD,104
350,CLSN,104
351,CLVS,130
352,CLXT,130
353,CMCO,104
354,CMCSA,130
355,CME,130
356,CMLS,78
357,CMPR,130
358,CMTL,130
359,CNCE,26
360,CNDT,130
361,CNOB,130
362,CNSL,130
363,CNST,130
364,CNTY,130
365,CNXN,130
366,COCP,130
367,CODA,78
368,CODX,130
369,COHR,130
370,COHU,130
371,COKE,26
372,COLB,130
373,COLL,130
374,COLM,130
375,COMM,130
376,CONE,130
377,CONN,130
378,COOP,130
379,CORE,130
380,CORT,130
381,CORV,130
382,COST,130
383,COUP,130
384,COWN,130
385,CPRT,130
386,CPRX,130
387,CPSI,78
388,CPTA,78
389,CRAI,52
390,CRBP,130
391,CREE,130
392,CREG,130
393,CRMT,78
394,CRNC,130
395,CRON,130
396,CROX,130
397,CRSP,130
398,CRTO,130
399,CRUS,130
400,CRWD,130
401,CSCO,130
402,CSFL,130
403,CSGP,130
404,CSGS,130
405,CSII,130
406,CSIQ,130
407,CSOD,130
408,CSQ,130
409,CSTE,130
410,CSTL,52
411,CSWC,78
412,CSX,130
413,CTAS,130
414,CTMX,130
415,CTRE,130
416,CTRM,130
417,CTRN,78
418,CTSH,130
419,CTSO,130
420,CTXR,130
421,CTXS,130
422,CUE,104
423,CUTR,130
424,CVBF,130
425,CVCO,78
426,CVET,130
427,CVGI,130
428,CVGW,130
429,CVLT,130
430,CVTI,130
431,CWCO,104
432,CWST,130
433,CY,130
434,CYBR,130
435,CYOU,130
436,CYRX,130
437,CYTK,130
438,CZR,130
439,DBVT,52
440,DBX,130
441,DCOM,130
442,DCPH,130
443,DDOG,130
444,DEAC,130
445,DENN,130
446,DFFN,130
447,DGII,104
448,DGLD,78
449,DGRW,130
450,DHC,130
451,DIOD,130
452,DISCA,130
453,DISCK,130
454,DISH,130
455,DLTH,130
456,DLTR,130
457,DMRC,104
458,DNJR,130
459,DNKN,130
460,DNLI,130
461,DOCU,130
462,DOMO,130
463,DOOO,130
464,DORM,130
465,DOX,130
466,DOYU,130
467,DRNA,130
468,DRRX,130
469,DSGX,130
470,DSKE,130
471,DSLV,104
472,DSPG,130
473,DTIL,130
474,DTSS,26
475,DVAX,130
476,DVY,130
477,DWSH,130
478,DXCM,130
479,DXPE,130
480,DYAI,130
481,DYNT,130
482,EA,130
483,EBAY,130
484,EBAYL,52
485,EBIX,130
486,EBSB,130
487,ECHO,130
488,ECOL,130
489,ECOR,130
490,ECPG,130
491,EDIT,130
492,EEFT,130
493,EGAN,104
494,EGBN,130
495,EGLE,130
496,EGOV,130
497,EGRX,104
498,EHTH,130
499,EIDX,78
500,EIGI,130
501,EIGR,130
502,EMB,130
503,ENDP,130
504,ENPH,130
505,ENSG,130
506,ENT,130
507,ENTA,130
508,ENTG,130
509,EOLS,130
510,EPAY,130
511,EPZM,130
512,EQIX,130
513,ERI,130
514,ERIC,130
515,ERIE,104
516,ERII,130
517,ESGD,130
518,ESGE,130
519,ESGU,130
520,ESLT,78
521,ESPR,130
522,ESTA,78
523,ETFC,130
524,ETSY,130
525,EUFN,130
526,EVBG,130
527,EVER,130
528,EVFM,104
529,EVOP,130
530,EWBC,130
531,EXAS,130
532,EXC,130
533,EXEL,130
534,EXLS,104
535,EXPD,130
536,EXPE,130
537,EXPI,130
538,EXPO,130
539,EXTR,130
540,EYE,130
541,EYEG,26
542,EYES,78
543,EYPT,130
544,EZPW,130
545,FALN,26
546,FANG,130
547,FANH,104
548,FARM,130
549,FARO,104
550,FAST,130
551,FATE,130
552,FB,130
553,FBIO,130
554,FBMS,104
555,FBNC,130
556,FCBC,26
557,FCEL,130
558,FCFS,130
559,FDEF,130
560,FDT,104
561,FDUS,130
562,FELE,104
563,FEM,130
564,FEP,78
565,FEX,104
566,FEYE,130
567,FFBC,130
568,FFIC,130
569,FFIN,130
570,FFIV,130
571,FFWM,104
572,FGEN,130
573,FHB,130
574,FIBK,104
575,FINX,130
576,FISV,130
577,FITB,130
578,FITBI,52
579,FIVE,130
580,FIVN,130
581,FIXD,130
582,FIXX,130
583,FIZZ,130
584,FLDM,130
585,FLEX,130
586,FLGT,130
587,FLIR,130
588,FLL,52
589,FLMN,130
590,FLNT,130
591,FLWS,130
592,FLXN,130
593,FMB,130
594,FMBI,130
595,FMNB,104
596,FNHC,130
597,FNKO,130
598,FNY,26
599,FOCS,130
600,FOLD,130
601,FORM,130
602,FORR,52
603,FOSL,130
604,FOX,130
605,FOXA,130
606,FOXF,130
607,FPRX,130
608,FRBK,130
609,FREQ,130
610,FRGI,130
611,FRHC,52
612,FRME,130
613,FRPT,130
614,FRTA,130
615,FSCT,130
616,FSLR,130
617,FTA,130
618,FTCS,130
619,FTDR,130
620,FTFT,52
621,FTNT,130
622,FTR,130
623,FTSL,130
624,FTSM,130
625,FULT,130
626,FV,130
627,FVE,78
628,FWONA,130
629,FWONK,130
630,FWRD,130
631,FYX,52
632,GABC,104
633,GAIA,104
634,GAIN,130
635,GBCI,130
636,GBDC,130
637,GBT,130
638,GDEN,130
639,GDS,130
640,GENC,130
641,GENE,26
642,GEOS,104
643,GERN,130
644,GEVO,52
645,GGAL,130
646,GH,130
647,GHSI,130
648,GIII,130
649,GILD,130
650,GILT,130
651,GLAD,130
652,GLBS,52
653,GLDD,130
654,GLIBA,130
655,GLNG,130
656,GLPI,130
657,GLRE,130
658,GLUU,130
659,GLYC,130
660,GMAB,130
661,GNCA,26
662,GNLN,52
663,GNMK,130
664,GNPX,130
665,GNSS,78
666,GNTX,130
667,GNUS,52
668,GO,130
669,GOGL,130
670,GOGO,130
671,GOOD,130
672,GOOG,130
673,GOOGL,130
674,GOSS,130
675,GPOR,130
676,GPRE,130
677,GPRO,130
678,GRBK,130
679,GRFS,130
680,GRMN,130
681,GRPN,130
682,GRTS,104
683,GRWG,130
684,GSBC,52
685,GSHD,104
686,GSKY,130
687,GSM,52
688,GT,130
689,GTHX,130
690,GTLS,130
691,GWPH,130
692,HA,130
693,HAFC,130
694,HAIN,130
695,HALL,78
696,HALO,130
697,HAPP,130
698,HAS,130
699,HAYN,104
700,HBAN,130
701,HBIO,26
702,HBNC,130
703,HBP,52
704,HCAT,130
705,HCKT,130
706,HCSG,130
707,HDS,130
708,HEAR,130
709,HEES,130
710,HELE,130
711,HFFG,130
712,HFWA,130
713,HHR,52
714,HHT,104
715,HIBB,130
716,HIMX,130
717,HLIT,130
718,HLNE,104
719,HMHC,130
720,HMST,104
721,HMSY,130
722,HOLI,130
723,HOLX,130
724,HOMB,130
725,HONE,130
726,HOOK,52
727,HOPE,130
728,HQY,130
729,HRTX,130
730,HRZN,130
731,HSIC,130
732,HSII,130
733,HSTM,130
734,HTBK,130
735,HTBX,130
736,HTGM,130
737,HTHT,130
738,HTLD,130
739,HTLF,130
740,HUBG,130
741,HURN,52
742,HWC,130
743,HYLS,104
744,HYRE,104
745,HZNP,130
746,IAC,130
747,IART,130
748,IBB,130
749,IBCP,130
750,IBKC,130
751,IBKR,130
752,IBOC,130
753,IBTX,130
754,ICAD,130
755,ICFI,130
756,ICHR,130
757,ICLN,130
758,ICLR,130
759,ICPT,130
760,ICUI,104
761,IDCC,130
762,IDEX,130
763,IDN,130
764,IDXX,130
765,IEF,130
766,IEI,130
767,IEP,130
768,IFGL,52
769,IFMK,130
770,IFRX,130
771,IGF,130
772,IGIB,130
773,IGOV,52
774,IGSB,130
775,IHRT,130
776,IIIN,104
777,IIIV,130
778,IIVI,130
779,IJT,130
780,ILMN,130
781,ILPT,130
782,IMAC,130
783,IMGN,130
784,IMKTA,130
785,IMMR,130
786,IMMU,130
787,IMV,78
788,IMVT,104
789,INCY,130
790,INDB,130
791,INDY,26
792,INFN,130
793,INGN,130
794,INMD,130
795,INO,130
796,INOV,130
797,INPX,130
798,INSG,130
799,INSM,130
800,INTC,130
801,INTU,130
802,INVA,130
803,IONS,130
804,IOSP,52
805,IOTS,130
806,IOVA,130
807,IPAR,104
808,IPGP,130
809,IQ,130
810,IRBT,130
811,IRDM,130
812,IRTC,130
813,IRWD,130
814,ISBC,130
815,ISEE,130
816,ISRG,130
817,ISTB,130
818,ITCI,130
819,ITI,104
820,ITRI,130
821,ITRN,104
822,IUSB,130
823,IUSG,130
824,IUSV,130
825,IVAC,78
826,IXUS,130
827,IZEA,130
828,JACK,130
829,JAGX,52
830,JAKK,52
831,JAZZ,130
832,JBHT,130
833,JBLU,130
834,JCOM,130
835,JD,130
836,JJSF,130
837,JKHY,130
838,JNCE,130
839,JOBS,130
840,JRVR,130
841,JYNT,104
842,KALA,130
843,KALV,130
844,KBAL,130
845,KBWB,130
846,KBWD,78
847,KBWY,104
848,KELYA,104
849,KERN,104
850,KFRC,130
851,KHC,130
852,KIN,104
853,KIRK,130
854,KLAC,130
855,KLIC,130
856,KLXE,130
857,KMPH,130
858,KNDI,104
859,KNSA,130
860,KNSL,130
861,KOD,130
862,KPTI,130
863,KRMD,130
864,KRNT,130
865,KRNY,130
866,KRTX,130
867,KRYS,78
868,KTOS,130
869,KTOV,130
870,KURA,130
871,LAKE,130
872,LAMR,130
873,LANC,130
874,LAND,130
875,LASR,130
876,LAUR,130
877,LBAI,130
878,LBC,104
879,LBRDA,104
880,LBRDK,130
881,LBTYA,130
882,LBTYK,130
883,LE,130
884,LECO,130
885,LFUS,130
886,LGIH,130
887,LGND,130
888,LHCG,130
889,LILA,130
890,LILAK,130
891,LIND,130
892,LITE,130
893,LIVN,130
894,LJPC,130
895,LK,104
896,LKFN,130
897,LKQ,130
898,LLIT,130
899,LLNW,130
900,LMAT,104
901,LMBS,130
902,LMNR,104
903,LMNX,130
904,LNDC,130
905,LNT,130
906,LNTH,130
907,LOB,130
908,LOCO,130
909,LOGI,130
910,LOGM,130
911,LOPE,130
912,LORL,104
913,LOVE,130
914,LPCN,52
915,LPLA,130
916,LPSN,130
917,LPTX,26
918,LQDT,78
919,LRCX,130
920,LSCC,130
921,LSTR,130
922,LSXMA,130
923,LSXMK,130
924,LTRPA,130
925,LTRX,78
926,LULU,130
927,LUNA,130
928,LVGO,130
929,LVHD,104
930,LX,130
931,LXRX,130
932,LYFT,130
933,LYTS,52
934,MANH,130
935,MANT,104
936,MAR,130
937,MARK,130
938,MASI,130
939,MAT,130
940,MATW,130
941,MBB,130
942,MBII,52
943,MBOT,78
944,MBRX,130
945,MBUU,130
946,MCEP,130
947,MCFT,130
948,MCHI,130
949,MCHP,130
950,MCHX,104
951,MCRB,130
952,MCRI,130
953,MDB,130
954,MDGL,130
955,MDIV,78
956,MDLZ,130
957,MDRX,130
958,MEDP,130
959,MEDS,26
960,MEET,130
961,MEIP,130
962,MELI,130
963,MEOH,130
964,MERC,130
965,MESA,130
966,MFIN,78
967,MGEE,130
968,MGI,130
969,MGLN,130
970,MGNX,130
971,MGPI,130
972,MGRC,52
973,MGTA,104
974,MIDD,130
975,MIK,130
976,MIME,130
977,MINI,130
978,MIST,130
979,MITK,130
980,MKSI,130
981,MKTX,130
982,MLCO,130
983,MLHR,130
984,MLND,104
985,MLNX,130
986,MMLP,130
987,MMSI,130
988,MMYT,130
989,MNKD,130
990,MNLO,130
991,MNOV,78
992,MNRO,130
993,MNST,130
994,MNTA,130
995,MOBL,130
996,MOMO,130
997,MORN,130
998,MPAA,130
999,MPWR,130
1000,MRAM,52
1001,MRCC,130
1002,MRCY,130
1003,MRKR,130
1004,MRNA,130
1005,MRNS,130
1006,MRSN,130
1007,MRTN,130
1008,MRTX,130
1009,MRVL,130
1010,MSBI,130
1011,MSFT,130
1012,MSTR,52
1013,MTCH,130
1014,MTEM,130
1015,MTLS,78
1016,MTRX,130
1017,MTSC,130
1018,MTSI,130
1019,MU,130
1020,MVIS,130
1021,MXIM,130
1022,MYGN,130
1023,MYL,130
1024,MYOK,130
1025,MYRG,78
1026,NATI,130
1027,NAVI,130
1028,NBEV,130
1029,NBIX,130
1030,NBL,130
1031,NBLX,130
1032,NBRV,130
1033,NBSE,52
1034,NBTB,130
1035,NCMI,130
1036,NDAQ,130
1037,NDLS,130
1038,NDSN,130
1039,NEO,130
1040,NEOG,130
1041,NEPT,130
1042,NERV,130
1043,NEWT,130
1044,NFBK,130
1045,NFE,26
1046,NFLX,130
1047,NGHC,130
1048,NGM,130
1049,NH,52
1050,NICE,130
1051,NIU,104
1052,NK,130
1053,NKTR,130
1054,NLOK,130
1055,NLTX,130
1056,NMIH,130
1057,NMRK,130
1058,NNBR,130
1059,NNDM,52
1060,NODK,26
1061,NOVN,130
1062,NOVT,130
1063,NSIT,130
1064,NSTG,130
1065,NTAP,130
1066,NTCT,130
1067,NTEC,130
1068,NTES,130
1069,NTGN,104
1070,NTGR,130
1071,NTLA,130
1072,NTNX,130
1073,NTRA,130
1074,NTRS,130
1075,NTUS,130
1076,NUAN,130
1077,NURO,78
1078,NUVA,130
1079,NVAX,130
1080,NVCR,130
1081,NVDA,130
1082,NVEE,130
1083,NVIV,52
1084,NWBI,130
1085,NWL,130
1086,NWPX,78
1087,NWS,130
1088,NWSA,130
1089,NXGN,104
1090,NXPI,130
1091,NXST,130
1092,NXTC,52
1093,NYMT,130
1094,NYMTM,104
1095,NYMTN,104
1096,OAS,130
1097,OBSV,104
1098,OCFC,130
1099,OCGN,130
1100,OCSL,130
1101,OCUL,130
1102,ODFL,130
1103,ODP,130
1104,OESX,130
1105,OFIX,130
1106,OGI,130
1107,OKTA,130
1108,OLED,130
1109,OLLI,130
1110,OMAB,130
1111,OMCL,130
1112,OMER,130
1113,OMP,104
1114,ON,130
1115,ONB,130
1116,ONCY,104
1117,ONEM,130
1118,ONTX,130
1119,ONVO,130
1120,OPB,104
1121,OPCH,130
1122,OPGN,130
1123,OPI,130
1124,OPK,130
1125,OPRA,130
1126,OPTN,130
1127,OPTT,104
1128,ORBC,130
1129,ORLY,130
1130,ORTX,104
1131,OSBC,104
1132,OSIS,104
1133,OSMT,130
1134,OSPN,130
1135,OSTK,130
1136,OSUR,130
1137,OSW,130
1138,OTEX,130
1139,OVID,130
1140,OXFD,130
1141,OXLC,130
1142,OXSQ,130
1143,OZK,130
1144,PAAS,130
1145,PACB,130
1146,PACW,130
1147,PAE,104
1148,PAHC,104
1149,PASG,26
1150,PATK,130
1151,PAVM,130
1152,PAYS,130
1153,PAYX,130
1154,PBCT,130
1155,PBPB,130
1156,PBYI,130
1157,PCAR,130
1158,PCH,130
1159,PCRX,130
1160,PCSB,78
1161,PCTI,104
1162,PCTY,130
1163,PCYO,104
1164,PDBC,130
1165,PDCE,130
1166,PDCO,130
1167,PDD,130
1168,PDLI,130
1169,PDP,130
1170,PDSB,78
1171,PEBO,104
1172,PEGA,130
1173,PENN,130
1174,PEP,130
1175,PERI,104
1176,PETQ,130
1177,PETS,130
1178,PEY,130
1179,PFBC,52
1180,PFF,130
1181,PFG,130
1182,PFLT,130
1183,PFPT,130
1184,PGC,104
1185,PGEN,130
1186,PGNX,130
1187,PGNY,130
1188,PHAS,104
1189,PHIO,52
1190,PHO,52
1191,PHUN,130
1192,PI,130
1193,PID,104
1194,PINC,130
1195,PIRS,130
1196,PKOH,78
1197,PKW,104
1198,PLAB,130
1199,PLAY,130
1200,PLCE,130
1201,PLMR,130
1202,PLUG,130
1203,PLW,52
1204,PLXS,104
1205,PLYA,130
1206,PNFP,130
1207,PNNT,130
1208,PNTG,104
1209,PODD,130
1210,POOL,130
1211,POWI,130
1212,POWL,26
1213,PPBI,130
1214,PPC,130
1215,PPD,130
1216,PRAA,130
1217,PRAH,130
1218,PRDO,130
1219,PRFT,130
1220,PRFZ,130
1221,PRGS,130
1222,PRIM,130
1223,PRNB,130
1224,PRPL,130
1225,PRQR,130
1226,PRTA,130
1227,PRTK,130
1228,PRVB,130
1229,PRVL,52
1230,PS,130
1231,PSEC,130
1232,PSMT,78
1233,PSNL,130
1234,PSTI,104
1235,PSTV,52
1236,PTC,130
1237,PTCT,130
1238,PTE,130
1239,PTEN,130
1240,PTGX,104
1241,PTI,130
1242,PTLA,130
1243,PTON,130
1244,PULM,130
1245,PVAC,130
1246,PWFL,52
1247,PXLW,130
1248,PYPL,130
1249,PZZA,130
1250,QCOM,130
1251,QDEL,130
1252,QFIN,130
1253,QIWI,130
1254,QLYS,130
1255,QMCO,130
1256,QNST,130
1257,QQEW,78
1258,QQQ,130
1259,QQQX,130
1260,QRTEA,130
1261,QRVO,130
1262,QTEC,130
1263,QTNT,130
1264,QTRX,130
1265,QTT,130
1266,QUMU,104
1267,QURE,130
1268,QYLD,130
1269,RADA,130
1270,RARE,130
1271,RAVN,104
1272,RBB,26
1273,RBBN,130
1274,RCEL,130
1275,RCII,130
1276,RCKT,130
1277,RCKY,26
1278,RCM,130
1279,RDFN,130
1280,RDHL,130
1281,RDNT,130
1282,RDUS,130
1283,RDVY,130
1284,RDWR,130
1285,REAL,130
1286,REG,130
1287,REGI,130
1288,REGN,130
1289,REPH,130
1290,RESN,130
1291,RETA,130
1292,REYN,130
1293,RGEN,130
1294,RGLD,130
1295,RGNX,130
1296,RICK,130
1297,RIGL,130
1298,RILY,130
1299,RING,130
1300,RIOT,130
1301,RKDA,26
1302,RMBL,130
1303,RMBS,130
1304,RMR,104
1305,RMTI,130
1306,RNST,130
1307,ROAD,130
1308,ROCK,130
1309,ROIC,130
1310,ROKU,130
1311,ROLL,130
1312,ROSE,130
1313,ROST,130
1314,RP,130
1315,RPAY,130
1316,RPD,130
1317,RRGB,130
1318,RRR,130
1319,RTIX,130
1320,RTLR,130
1321,RTRX,130
1322,RTTR,130
1323,RUBY,130
1324,RUN,130
1325,RUSHA,130
1326,RUTH,130
1327,RVMD,104
1328,RVNC,130
1329,RYAAY,130
1330,RYTM,130
1331,SABR,130
1332,SAFM,130
1333,SAFT,26
1334,SAGE,130
1335,SAIA,130
1336,SALM,104
1337,SANM,130
1338,SASR,130
1339,SATS,130
1340,SAVA,130
1341,SBAC,130
1342,SBBP,104
1343,SBCF,130
1344,SBGI,130
1345,SBLK,130
1346,SBNY,130
1347,SBRA,130
1348,SBSI,104
1349,SBUX,130
1350,SCHL,130
1351,SCHN,130
1352,SCON,104
1353,SCOR,130
1354,SCPL,104
1355,SCSC,130
1356,SCVL,130
1357,SCWX,78
1358,SCYX,130
1359,SCZ,130
1360,SDC,130
1361,SDGR,130
1362,SEAC,130
1363,SEDG,130
1364,SEEL,130
1365,SEIC,130
1366,SELB,130
1367,SESN,130
1368,SFBS,130
1369,SFET,130
1370,SFIX,130
1371,SFM,130
1372,SFNC,130
1373,SGBX,130
1374,SGEN,130
1375,SGH,130
1376,SGLB,52
1377,SGMO,130
1378,SGMS,130
1379,SGRY,130
1380,SHEN,130
1381,SHIP,130
1382,SHOO,130
1383,SHV,130
1384,SHY,130
1385,SIBN,130
1386,SIC,78
1387,SIEN,130
1388,SIGA,130
1389,SIGI,130
1390,SILK,130
1391,SIMO,130
1392,SINA,130
1393,SINT,130
1394,SIRI,130
1395,SIVB,130
1396,SKYW,130
1397,SKYY,130
1398,SLAB,130
1399,SLDB,130
1400,SLGN,130
1401,SLM,130
1402,SLNO,130
1403,SLP,104
1404,SLQD,130
1405,SLRC,130
1406,SLRX,26
1407,SMCI,130
1408,SMED,130
1409,SMH,130
1410,SMPL,130
1411,SMRT,52
1412,SMSI,130
1413,SMTC,130
1414,SNBR,130
1415,SNCR,130
1416,SND,130
1417,SNDL,130
1418,SNDX,104
1419,SNGX,130
1420,SNPS,130
1421,SNSS,130
1422,SNY,130
1423,SOHO,130
1424,SOHU,130
1425,SOLO,26
1426,SOLY,104
1427,SONM,104
1428,SONO,130
1429,SOXX,130
1430,SP,104
1431,SPAR,130
1432,SPCB,130
1433,SPLK,130
1434,SPNE,130
1435,SPNS,104
1436,SPOK,104
1437,SPPI,130
1438,SPRO,26
1439,SPSC,130
1440,SPTN,130
1441,SPWH,130
1442,SPWR,130
1443,SQQQ,130
1444,SRCE,78
1445,SRCL,130
1446,SRDX,78
1447,SRET,130
1448,SRNE,130
1449,SRPT,130
1450,SRRK,78
1451,SSB,130
1452,SSNC,130
1453,SSP,130
1454,SSRM,130
1455,SSSS,78
1456,SSYS,130
1457,STAA,130
1458,STAY,130
1459,STBA,130
1460,STFC,78
1461,STIM,130
1462,STKL,130
1463,STLD,130
1464,STML,130
1465,STMP,130
1466,STNE,130
1467,STOK,104
1468,STRA,130
1469,STRL,130
1470,STX,130
1471,SUNS,52
1472,SUNW,130
1473,SUPN,130
1474,SVC,130
1475,SVMK,130
1476,SWAV,130
1477,SWIR,130
1478,SWKS,130
1479,SWTX,52
1480,SXTC,130
1481,SY,130
1482,SYBT,78
1483,SYKE,130
1484,SYNA,130
1485,SYNC,26
1486,SYNH,130
1487,SYRS,130
1488,TA,78
1489,TACO,130
1490,TAST,130
1491,TBBK,130
1492,TBIO,130
1493,TBK,104
1494,TBLT,130
1495,TBPH,130
1496,TCBI,130
1497,TCBK,104
1498,TCDA,130
1499,TCF,130
1500,TCMD,130
1501,TCOM,130
1502,TCON,26
1503,TCPC,130
1504,TCRD,78
1505,TCX,78
1506,TDIV,104
1507,TEAM,130
1508,TECD,130
1509,TECH,130
1510,TEDU,52
1511,TELL,130
1512,TENB,130
1513,TER,130
1514,TERP,130
1515,TEUM,130
1516,TFSL,130
1517,TGTX,130
1518,TH,104
1519,THMO,130
1520,THRM,130
1521,TIGR,104
1522,TILE,130
1523,TITN,130
1524,TIVO,130
1525,TLND,130
1526,TLRY,130
1527,TLSA,26
1528,TLT,130
1529,TMDI,130
1530,TMUS,130
1531,TNAV,130
1532,TNDM,130
1533,TNXP,130
1534,TOCA,130
1535,TOPS,130
1536,TORC,130
1537,TOWN,130
1538,TPCO,130
1539,TPIC,130
1540,TPTX,130
1541,TQQQ,130
1542,TREE,130
1543,TRHC,130
1544,TRIB,130
1545,TRIL,130
1546,TRIP,130
1547,TRMB,130
1548,TRMK,130
1549,TRNX,130
1550,TROV,52
1551,TROW,130
1552,TRPX,130
1553,TRS,130
1554,TRST,130
1555,TRUE,130
1556,TRUP,130
1557,TRVG,130
1558,TRVI,26
1559,TRVN,130
1560,TSC,130
1561,TSCO,130
1562,TSEM,130
1563,TSG,130
1564,TSLA,130
1565,TTD,130
1566,TTEC,130
1567,TTEK,130
1568,TTGT,130
1569,TTMI,130
1570,TTNP,130
1571,TTOO,130
1572,TTWO,130
1573,TUES,130
1574,TUR,130
1575,TVIX,130
1576,TVTY,130
1577,TW,130
1578,TWIN,78
1579,TWNK,130
1580,TWOU,130
1581,TWST,130
1582,TXG,130
1583,TXMD,130
1584,TXN,130
1585,TXRH,130
1586,TYME,130
1587,TZOO,104
1588,UAL,130
1589,UBSI,130
1590,UBX,130
1591,UCBI,130
1592,UCTT,130
1593,UEIC,78
1594,UEPS,130
1595,UFPI,130
1596,UGLD,130
1597,ULTA,130
1598,UMBF,130
1599,UMPQ,130
1600,UNIT,130
1601,UPLD,130
1602,UPWK,130
1603,URBN,130
1604,URGN,130
1605,USCR,130
1606,USIG,130
1607,USLV,130
1608,UTHR,130
1609,UVSP,78
1610,UXIN,130
1611,VBIV,130
1612,VBLT,52
1613,VBTX,130
1614,VC,130
1615,VCEL,130
1616,VCIT,130
1617,VCLT,130
1618,VCSH,130
1619,VCTR,104
1620,VCYT,130
1621,VECO,130
1622,VEON,130
1623,VERB,52
1624,VERI,130
1625,VERU,130
1626,VFF,130
1627,VG,130
1628,VGIT,130
1629,VGLT,130
1630,VGSH,130
1631,VIAC,130
1632,VIACA,130
1633,VIAV,130
1634,VICR,130
1635,VIE,104
1636,VIGI,130
1637,VIIX,26
1638,VIOT,130
1639,VIR,130
1640,VIRT,130
1641,VISL,130
1642,VIVE,130
1643,VIVO,130
1644,VKTX,130
1645,VLY,130
1646,VMBS,130
1647,VNDA,130
1648,VNET,130
1649,VNOM,130
1650,VNQI,130
1651,VOD,130
1652,VONE,104
1653,VONG,130
1654,VONV,130
1655,VRA,130
1656,VRAY,130
1657,VRCA,26
1658,VREX,130
1659,VRNS,130
1660,VRNT,130
1661,VRRM,130
1662,VRSK,130
1663,VRSN,130
1664,VRTU,130
1665,VRTX,130
1666,VSAT,130
1667,VSEC,26
1668,VSTM,130
1669,VTIP,130
1670,VTIQ,130
1671,VTWO,130
1672,VUZI,130
1673,VVUS,130
1674,VWOB,130
1675,VXRT,130
1676,VXUS,130
1677,VYGR,130
1678,VYMI,130
1679,WAFD,130
1680,WASH,104
1681,WATT,130
1682,WB,130
1683,WBA,130
1684,WDAY,130
1685,WDC,130
1686,WDFC,130
1687,WEN,130
1688,WERN,130
1689,WETF,130
1690,WHF,130
1691,WIFI,130
1692,WING,130
1693,WIRE,78
1694,WIX,130
1695,WKHS,130
1696,WLDN,78
1697,WLTW,130
1698,WMGI,130
1699,WORX,26
1700,WPRT,130
1701,WRLD,104
1702,WRTC,130
1703,WSBC,130
1704,WSBF,130
1705,WSC,130
1706,WSFS,130
1707,WTFC,130
1708,WTRH,130
1709,WVE,130
1710,WW,130
1711,WWD,130
1712,WYNN,130
1713,XAIR,130
1714,XBIT,130
1715,XCUR,104
1716,XEL,130
1717,XELA,104
1718,XENT,130
1719,XERS,104
1720,XLNX,130
1721,XLRN,130
1722,XNCR,130
1723,XNET,130
1724,XOG,130
1725,XP,130
1726,XPEL,78
1727,XPER,130
1728,XRAY,130
1729,XSPA,130
1730,YGYI,52
1731,YLCO,26
1732,YMAB,78
1733,YNDX,130
1734,YRCW,130
1735,YY,130
1736,Z,130
1737,ZAGG,130
1738,ZBRA,130
1739,ZG,130
1740,ZGNX,130
1741,ZION,130
1742,ZIOP,130
1743,ZIV,130
1744,ZIXI,130
1745,ZLAB,130
1746,ZM,130
1747,ZN,130
1748,ZNGA,130
1749,ZS,130
1750,ZSAN,130
1751,ZUMZ,130
1752,ZYNE,130
1753,ZYXI,130
1754,ACHV,78
1755,AGNCN,78
1756,ALSK,78
1757,ALTM,104
1758,AMEH,52
1759,AMWD,104
1760,ANAT,78
1761,APOP,78
1762,ARGX,52
1763,BANF,104
1764,BBCP,52
1765,BBGI,104
1766,BDGE,52
1767,BIOL,78
1768,BLBD,104
1769,BOSC,26
1770,BSET,104
1771,BSJK,78
1772,BSJL,78
1773,CBIO,78
1774,CCNE,26
1775,CDTX,52
1776,CFA,104
1777,CHCO,78
1778,CKPT,78
1779,CLDX,78
1780,CLLS,52
1781,CMRX,104
1782,CRESY,78
1783,CRNT,104
1784,CRTX,78
1785,CSTR,26
1786,CTIC,26
1787,CXDC,104
1788,CYCN,78
1789,DAKT,104
1790,DGICA,26
1791,DLPN,26
1792,EFSC,52
1793,EH,26
1794,ELOX,52
1795,ESGR,52
1796,ESXB,26
1797,ETON,26
1798,FNX,52
1799,FPAY,78
1800,FRAN,104
1801,FSV,104
1802,GALT,52
1803,GMLP,104
1804,GTYH,26
1805,HEPA,78
1806,HLIO,78
1807,HOFT,104
1808,HROW,104
1809,HSKA,78
1810,ICLK,78
1811,INTL,78
1812,INWK,52
1813,JBSS,78
1814,KALU,104
1815,KOPN,104
1816,KZR,104
1817,LIQT,78
1818,LIVX,78
1819,LONE,52
1820,MBIO,78
1821,MCBC,52
1822,MDCA,104
1823,MESO,104
1824,MITO,52
1825,NCNA,26
1826,NESR,104
1827,NSSC,104
1828,NVMI,26
1829,ONCS,104
1830,ONEW,26
1831,OPRX,52
1832,OTIC,26
1833,OTTR,78
1834,PCOM,26
1835,PDFS,78
1836,PFIE,26
1837,PICO,78
1838,PLUS,26
1839,PPH,26
1840,PRPO,78
1841,RAVE,52
1842,RDI,52
1843,REFR,52
1844,SHSP,52
1845,SLCT,26
1846,SPT,104
1847,SURF,26
1848,SVRA,104
1849,SYBX,104
1850,TGA,52
1851,TMDX,104
1852,TUSK,104
1853,UHAL,78
1854,UIHC,104
1855,ULH,78
1856,USWS,52
1857,VTGN,26
1858,WABC,104
1859,WSG,52
1860,WTER,78
1861,XENE,104
1862,XONE,52
1863,YVR,52
1864,AEHR,26
1865,AHCO,26
1866,AQMS,26
1867,ARAV,26
1868,ASUR,52
1869,ATAX,52
1870,BCBP,26
1871,BIS,52
1872,BSCO,78
1873,BWB,52
1874,CASS,78
1875,CFO,26
1876,CLUB,78
1877,FTC,78
1878,HCM,78
1879,HDSN,78
1880,HOTH,26
1881,HTBI,78
1882,IMAB,26
1883,JFIN,26
1884,LFVN,52
1885,LQDA,26
1886,MSON,26
1887,OTLK,52
1888,PEIX,78
1889,PLIN,26
1890,PRSC,26
1891,PSCE,26
1892,PTMN,52
1893,PXI,26
1894,REKR,52
1895,RGP,78
1896,RVSB,52
1897,SAEX,26
1898,SLGG,78
1899,SNCA,52
1900,SPKE,78
1901,TESS,26
1902,UFCS,26
1903,UMRX,52
1904,VMD,78
1905,VOXX,78
1906,WWR,26
1907,XT,52
1908,YJ,52
1909,AEZS,52
1910,AKER,52
1911,ANIP,26
1912,ATOS,52
1913,BBSI,52
1914,CABA,26
1915,CLCT,26
1916,CSWI,52
1917,DEACW,52
1918,DGLY,52
1919,EDAP,26
1920,ESPO,52
1921,FAAR,26
1922,FEMS,26
1923,FENC,26
1924,FITBO,26
1925,FLIC,52
1926,HARP,52
1927,IGMS,26
1928,III,52
1929,IMMP,52
1930,INFI,26
1931,KRUS,52
1932,MACK,26
1933,MBWM,26
1934,MGIC,26
1935,MGTX,52
1936,MOTS,52
1937,MSEX,26
1938,NEOS,26
1939,NTWK,26
1940,NXTD,26
1941,OCSI,26
1942,OFS,26
1943,ONEQ,26
1944,OPRT,52
1945,PLSE,26
1946,PRTS,26
1947,PTH,26
1948,QADA,26
1949,QCRH,52
1950,RLMD,26
1951,RNET,26
1952,RWLK,26
1953,SECO,26
1954,SHLO,26
1955,SLS,26
1956,SONA,52
1957,SONN,52
1958,SSTI,26
1959,STKS,26
1960,TELA,26
1961,THFF,52
1962,UAE,26
1963,USAU,26
1964,VLGEA,52
1965,VRIG,26
1966,VRTS,26
1967,WTBA,26
1968,ZNTL,26
1969,AEY,26
1970,AIA,26
1971,ALRN,26
1972,BCML,26
1973,BLRX,26
1974,BMTC,26
1975,CCBG,26
1976,COMT,26
1977,CRNX,26
1978,CRVS,26
1979,DZSI,26
1980,EDNT,26
1981,EVSI,26
1982,FCNCA,26
1983,FCNCP,26
1984,FCVT,26
1985,FTXO,26
1986,GLPG,26
1987,GPP,26
1988,GSUM,26
1989,HBT,26
1990,HEWG,26
1991,HSDT,26
1992,IFV,26
1993,IMXI,26
1994,KE,26
1995,KIDS,26
1996,MARA,26
1997,MCBS,26
1998,MNTX,26
1999,MOHO,26
2000,MOR,26
2001,MTBC,26
2002,NMCI,26
2003,NYMX,26
2004,OYST,26
2005,PBBI,26
2006,PIO,26
2007,POAI,26
2008,QCLN,26
2009,RDVT,26
2010,SNSR,26
2011,TENX,26
2012,THTX,26
2013,TLGT,26
2014,WCLD,26
2015,XBIO,26
2016,XOMA,26
2017,ZEUS,26
